Diagnostic Method,Sequencing type,16S variable region,Sequencing platform
Anaerobic incubation on selective plates and morphologic and biochemical properties,NA,NA,NA
Checkerboard DNA–DNA hybridization,NA,NA,DNA-DNA Hybridization
qPCR,PCR,NA,RT-qPCR
Checkerboard DNA–DNA hybridization,NA,NA,DNA-DNA Hybridization
Checkerboard DNA–DNA hybridization,NA,NA,DNA-DNA Hybridization
Real-time PCR,PCR,NA,RT-qPCR
Checkerboard DNA–DNA hybridization,NA,NA,DNA-DNA Hybridization
PCR,PCR,NA,Non-quantitative PCR
Checkerboard DNA–DNA hybridization,NA,NA,DNA-DNA Hybridization
PCR,PCR,NA,Non-quantitative PCR
PCR,PCR,NA,Non-quantitative PCR
PCR,PCR,NA,Non-quantitative PCR
Checkerboard DNA–DNA hybridization,NA,NA,DNA-DNA Hybridization
Culture,NA,NA,NA
Checkerboard DNA–DNA hybridization,NA,NA,DNA-DNA Hybridization
Targetted PCR amplification using species-specific primers.,PCR,NA,Non-quantitative PCR
"PCR: E. faecalis (5′- GTTTATGCCGCATGGCATAAGAG-3′ and 5′ -CCGTCAGGGGACGTTCAG-3′), H. pylori primers JW22 (5′-CGTTAGCTGCATTACTGGAGA-3′) and JW23 (5′-GAGCGCGTAGGCGGGATAGTC-3′), P. aeruginosa primers PS1 (5′-ATGAACAACGTTCTGAAATTCTCTGC-3′), PS-2 (5′-CTTGCGGCTGGCTTTTTCCAG-3′), PAL-1 (5′-ATG GAAATGCTGAAATTCGGC-3′), and PAL-2 (5′- CTTCTTCAGCTCGACGCGAGC-3′)",PCR,NA,Non-quantitative PCR
Checkerboard DNA-DNA hybridisation,NA,NA,DNA-DNA Hybridization
PCR,PCR,NA,Non-quantitative PCR
Checkerboard DNA-DNA hybridisation,NA,NA,DNA-DNA Hybridization
Culture and PCR,PCR,NA,Non-quantitative PCR
Checkerboard DNA-DNA hybridisation,NA,NA,DNA-DNA Hybridization
16S rDNA high-throughput sequencing,16S,NA,NA
Checkerboard DNA-DNA hybridisation,NA,NA,DNA-DNA Hybridization
Checkerboard DNA-DNA hybridisation,NA,NA,DNA-DNA Hybridization
Real-Time PCR,PCR,NA,RT-qPCR
PCR,PCR,NA,Non-quantitative PCR
"multiplex PCR, nested PCR",PCR,NA,Non-quantitative PCR
HOMIM,NA,NA,Human Intestinal Tract Chip
RNA-oligonucleotide quantification technique (ROQT),NA,NA,NA
"Illumina sequencing (V3 region) of the 16S rRNA gene, qPCR",16S,3,Illumina
culture,NA,NA,NA
"454-pyrosequencing of 16S rRNA gene (V1-V2 hypervariable regions) libraries, qPCR",16S,12,Roche454
Checkerboard DNA–DNA hybridization,NA,NA,DNA-DNA Hybridization
Checkerboard DNA–DNA hybridization,NA,NA,DNA-DNA Hybridization
16S rRNA sequencing,16S,NA,NA
analysis of 16S rRNA gene sequences from members of the Synergistetes,16S,NA,NA
qRT-PCR,PCR,NA,RT-qPCR
16S rRNA gene sequencing (V4 region),16S,4,NA
16S rRNA gene metagenomic sequencing (V4–V5 regions),16S,45,NA
"16S rRNA ILLUMINA SEQUENCING - see the name in other papers to be consistent, specific functional gene array (a combination of GeoChip 4.0 for biogeochemical processes and HuMiChip 1.0 for human microbiomes).",16S,NA,Illumina
High-Throughput 16S rDNA (454) Pyrosequencing (V1-V3 region),16S,123,Roche454
PCR,PCR,NA,Non-quantitative PCR
PCR,PCR,NA,Non-quantitative PCR
Culture,NA,NA,NA
PCR,PCR,NA,Non-quantitative PCR
Culture morphology and physiology and gram-straining,NA,NA,NA
micro-Ident test (PCR),PCR,NA,Non-quantitative PCR
Dot-blot hybridizations,NA,NA,NA
Dot blot hybridization,NA,NA,NA
Dot blot hybridization,NA,NA,NA
MALDI-TOF-MS,NA,NA,Mass spectrometry
Metatranscriptomic Illumina sequencing,WMS,NA,Illumina
Illumina sequencing (V1-V2 and V5-V6 regions) of the 16S rRNA gene,16S,1256,Illumina
Checkerboard DNA–DNA hybridization,NA,NA,DNA-DNA Hybridization
"PCR (The amplified fragment sizes were 886 bp for 16S rRNA, 255 bp for nuc and 527 bp for mecA)",PCR,NA,Non-quantitative PCR
Checkerboard DNA–DNA hybridization,NA,NA,DNA-DNA Hybridization
16S rRNA gene sequencing from plasmid clones,16S,NA,Sanger
Primer sets R8F: 5’ -AGAGTTTGATCCTGGCTCAG -3’ and SS-R: 5’ -CTCAATATTCTCAA GCTCGGTT -3’were used for specifically amplifying S. sputigena.,PCR,NA,Non-quantitative PCR
conventional PCR,PCR,NA,Non-quantitative PCR
Checkerboard DNA-DNA hybridisation,NA,NA,DNA-DNA Hybridization
"The V3‐V4 region of the 16S ribosomal RNA (rRNA) gene, 16S metagenomic sequencing",16S,34,NA
qPCR,PCR,NA,RT-qPCR
"Culture, biochemical assays (API identification) and PAGE",NA,NA,NA
quantitative real-time PCR,PCR,NA,RT-qPCR
dot-blot hybridization,NA,NA,NA
micro-IDent plus assay,NA,NA,NA
Checkerboard DNA–DNA hybridization,NA,NA,DNA-DNA Hybridization
Checkerboard DNA–DNA hybridization,NA,NA,DNA-DNA Hybridization
PCR amplification of 16S rRN,16S,NA,Non-quantitative PCR
PCR,PCR,NA,Non-quantitative PCR
Culturing and identification according to (van Winkelhoff et al. 1985).,NA,NA,NA
"....trypticase soy-serumbacitracin- vancomycin (TSBV) plates (Slots 1982) for selective isolation and growth of Actinobacillus actinomycetemcomitans ... Identification of strictly anaerobic species was based on microscopic morphology, gram-reaction and the profile in the API 32A system. Additional tests for identification
included detection of a trypsinlike activity based on the degradation of benzoyl-DL-arginine-2-naphthylamide for the identification of P. gingivalis (van Winkelhoff
et al. 1988) and B. forsythus (Braham & Moncla 1992, Tanner et al. 1986). Identification of A.actinomycetemcomitans was based on the characteristic colony morphology (star-like inner structure) on the TSBV plate, and a positive catalase reaction upon exposure to 3% H2O2. The percentage of A.actinomycetemcomitans was calculated on the basis of the number of CFU on TSBV plates.",NA,NA,NA
"qPCR, 16S rRNA metagenomic sequencing",16S,NA,RT-qPCR
"Helicobacter pylori was detected using a commercially availible rapid gastric urease kit (Lencomm Trade International, Poland). Samples were immediately inoculated into the rapid urease test gel. If the gel colour changed from yellow to red within 20 minutes and up to a maximum of 60 minutes then the sample was considered positive for H. pylori.",NA,NA,NA
"Candida species were identified using chromogenic agar (CHROMagar candida medium by Becton Dickinson), germ-tube production test and carbohydrate assimilation test",NA,NA,NA
"454 FLX Titanium pyrosequencing (V1 to V3 regions of the bacterial 16S ribosomal RNA (rRNA)), Duplex PCR",16S,123,Roche454
454 FLX Titanium pyrosequencing (V1-V3),16S,123,Roche454
"HOMIM, Checkerboard DNA-DNA hybridization, conventional PCR, qPCR (AgP patients only)",NA,NA,NA
PCR,PCR,NA,Non-quantitative PCR
Checkerboard DNA–DNA hybridization,NA,NA,DNA-DNA Hybridization
"Culture and strip technology. ""Paper points samples in RTF were intensively vortexed and afterwards aliquots were cultured in media being selective for aerobe gram- negative rods (Mac Conkey agar, bioMerieux, Suisse S.A., Switzerland), staphylococci (Mannitol Salt agar, bioMerieux) and yeasts (CHROMID® Candida agar, bioMerieux). The respective microorganisms were iden- tified by routinely used methods (e.g., cell morphology, biochemistry). From the paper points, DNA was extracted and the loads of P. gingivalis, A. actinomycetemcomitans and the other bacteria associated with peri- odontal disease were analyzed by using strip technology as described before (Eick, Straube, Guentsch, Pfister, & Jentsch, 2011).""",NA,NA,NA
Checkerboard DNA–DNA hybridization,NA,NA,DNA-DNA Hybridization
qPCR (TaqMan),PCR,NA,RT-qPCR
"qPCR, 16S rRNA Illumina metagenomic sequencing* (V1-V2 region)",16S,12,Illumina
Culture and PCR identification.,PCR,NA,Non-quantitative PCR
Culture and PCR,PCR,NA,Non-quantitative PCR
qPCR (SYBR Green Master Mix),PCR,NA,RT-qPCR
"Staphylococci were identified by clonal morphology, a positive Gram stain and catalase reaction and a negative oxidase reaction. Staphylococcal species were identified by a coagulase tube test and from the numerical profiles obtained from biochemical reactions in the API Staph system (bioMe´rieux (UK) Ltd., Basingstoke, UK), with reference to the API Staph Analytical Profile Index (bioMe´rieux).",NA,NA,NA
Real-time Qpcr,PCR,NA,RT-qPCR
PCR,PCR,NA,Non-quantitative PCR
"PCR cloning analysis (newly designed Synergistetes primers 27F and 806R), further sequenced with sequencing primers 357F (22), 27F, 806R, M13(-20)F, and M13R to obtain triple coverage",PCR,NA,Sanger
Species-specific primers in the 16S rRNA coding region were selected based on sequences available in GenBank... We confirmed species specificity by sequencing at least one PCR product from a clinical sample for each primer in an ABI Prism 310 automated sequencer,PCR,NA,Sanger
Custom RNA-oligonucleatide quantification technique,NA,NA,NA
Culture (isolation and identification) and checkerboard DNA probe assay,NA,NA,DNA-DNA Hybridization
Specific monoclonal antibodies were used in an immunocytochemical assay,NA,NA,NA
16S rRNA gene sequencing,16S,NA,NA
checkerboard DNA–DNA hybridization and Microarray,NA,NA,DNA-DNA Hybridization
NA,NA,NA,NA
qPCR,PCR,NA,RT-qPCR
CHeckerboard DNA–DNA hybridization,NA,NA,DNA-DNA Hybridization
PCR - HOMIM - MIC ROARRAYS,NA,NA,NA
PCR,PCR,NA,Non-quantitative PCR
Checkerboard DNA–DNA hybridization,NA,NA,DNA-DNA Hybridization
PCR,PCR,NA,Non-quantitative PCR
Sequencing - pcr,PCR,NA,Non-quantitative PCR
Culture and PCR,PCR,NA,Non-quantitative PCR
Culture and SDS- page,NA,NA,NA
Checkerboard DNA–DNA hybridization,NA,NA,DNA-DNA Hybridization
Checkerboard DNA–DNA hybridization,NA,NA,DNA-DNA Hybridization
Culture,NA,NA,NA
16S rDNA sequencing (V4 region),16S,4,NA
Shotgun sequencing,WMS,NA,NA
Roche/454 pyrosequencing of the bacterial 16S rRNA V1-V3 region,16S,123,Roche454
Illumina RNA metatranscriptomic sequencing,WMS,NA,Illumina
16S rDNA 454-pyrosequencing,16S,NA,Roche454
Checkerboard DNA-DNA hybridisation,NA,NA,DNA-DNA Hybridization
"Microarray, Metagenomic sequencing (NGS)",WMS,NA,NA
qPCR (TaqMan),PCR,NA,RT-qPCR
